,url,domain,timestamp
0,/web/20210102000307/https://www.noaa.gov/protecting-your-privacy,noaa.gov,20210101
1,/web/20210102002138/https://www.epa.gov/privacy/privacy-and-security-notice,epa.gov,20210101
2,/web/20210102002138/https://www.epa.gov/newsreleases/search,epa.gov,20210101
3,https://web.archive.org/web/20210102000307/https://www.nesdis.noaa.gov/content/50-satellite-images-50-years-noaa,noaa.gov,20210101
4,/web/20210102002138/https://www.epa.gov/ocir/national-environmental-performance-partnership-system-nepps,epa.gov,20210101
5,/web/20210102000307/https://www.noaa.gov/,noaa.gov,20210101
6,/web/20210102002138/https://www.epa.gov/lep/maladi-kowonaviris-2019-covid-19,epa.gov,20210101
7,/web/20210102002138/https://www.epa.gov/superfund/superfunds-40th-anniversary-look-back-decades,epa.gov,20210101
8,https://web.archive.org/web/20210102002138/https://cfpub.epa.gov/locator/index.cfm,epa.gov,20210101
9,/web/20210102002138/https://www.epa.gov/natural-disasters/snow-and-ice,epa.gov,20210101
10,http://@noaa.gov/,noaa.gov,20210101
11,/web/20210102002138/https://www.epa.gov/newsreleases/epa-celebrates-superfund-40-years-cleaning-and-transforming-communities-across-country,epa.gov,20210101
12,/web/20210102002138/https://www.epa.gov/privacy,epa.gov,20210101
13,https://web.archive.org/web/20210102000307/https://nsd.rdc.noaa.gov/,noaa.gov,20210101
14,/web/20210102002138/https://www.epa.gov/careers,epa.gov,20210101
15,/web/20210102002138/https://www.epa.gov/lep/mrd-fyrws-kwrwn-2019-covid-19,epa.gov,20210101
16,https://web.archive.org/web/20210102000307/https://www.noaa.gov/sites/default/files/atoms/files/2019%20NOAA%20EEO%20Policy%20Statement.pdf,noaa.gov,20210101
17,/web/20210102000307/https://www.noaa.gov/about-our-agency,noaa.gov,20210101
18,/web/20210102002138/https://www.epa.gov/languages/korean,epa.gov,20210101
19,/web/20210102002138/https://www.epa.gov/languages/vietnamese,epa.gov,20210101
20,/web/20210102002138/https://www.epa.gov/grants,epa.gov,20210101
21,/web/20210102002138/https://www.epa.gov/wotus-rule,epa.gov,20210101
22,http://kirsten.leong@noaa.gov/,noaa.gov,20210101
23,/web/20210102002138/https://www.epa.gov/stationary-sources-air-pollution/affordable-clean-energy-rule,epa.gov,20210101
24,/web/20210102000307/https://www.noaa.gov/oceans-coasts,noaa.gov,20210101
25,https://www.epa.gov/,epa.gov,20210101
26,/web/20210102000307/https://www.noaa.gov/fisheries,noaa.gov,20210101
27,/web/20210102002138/https://www.epa.gov/radon,epa.gov,20210101
28,https://web.archive.org/web/20210102000307/https://sites.google.com/noaa.gov/ohcs/current-event?authuser=0,noaa.gov,20210101
29,http://noaa.gov/,noaa.gov,20210101
30,http://www.noaa.gov/,noaa.gov,20210101
31,/web/20210102000307/https://www.noaa.gov/organization/information-technology/freedom-of-information-act,noaa.gov,20210101
32,/web/20210102002138/https://www.epa.gov/lep/simplified-chinese-covid19,epa.gov,20210101
33,/web/20210102000307/https://www.noaa.gov/stories/noaa-s-2020-business-brief,noaa.gov,20210101
34,/web/20210102000307/https://www.noaa.gov/education,noaa.gov,20210101
35,/web/20210102002138/https://www.epa.gov/newsreleases/epa-releases-2019-year-review-highlighting-agency-accomplishments-and-environmental,epa.gov,20210101
36,/web/20210102002138/https://www.epa.gov/aboutepa/epa-organization-chart,epa.gov,20210101
37,https://web.archive.org/web/20210102002138/https://gispub.epa.gov/air/trendsreport/2019/,epa.gov,20210101
38,/web/20210102002138/https://www.epa.gov/smartgrowth/local-foods-local-places,epa.gov,20210101
39,/web/20210102000307/https://www.noaa.gov/accessibility,noaa.gov,20210101
40,/web/20210102002138/https://www.epa.gov/mold,epa.gov,20210101
41,https://web.archive.org/web/20210102002138/https://19january2017snapshot.epa.gov/,epa.gov,20210101
42,/web/20210102000307/https://www.noaa.gov/fisheries-regulations-permits-data-reporting-restoration-projects,noaa.gov,20210101
43,/web/20210102002138/https://www.epa.gov/aboutepa,epa.gov,20210101
44,/web/20210102002138/https://www.epa.gov/contracts,epa.gov,20210101
45,/web/20210102002138/https://www.epa.gov/aboutepa/senior-epa-leadership,epa.gov,20210101
46,/web/20210102000307/https://www.noaa.gov/noaa-50th-home,noaa.gov,20210101
47,/web/20210102002138/https://www.epa.gov/enforcement,epa.gov,20210101
48,/web/20210102002138/https://www.epa.gov/planandbudget,epa.gov,20210101
49,/web/20210102002138/https://www.epa.gov/superfund,epa.gov,20210101
50,/web/20210102002138/https://www.epa.gov/accessibility,epa.gov,20210101
51,https://epa.gov/,epa.gov,20210101
52,/web/20210102002138/https://www.epa.gov/office-inspector-general/about-epas-office-inspector-general,epa.gov,20210101
53,/web/20210102002138/https://www.epa.gov/lep/arabic,epa.gov,20210101
54,http://epa.gov/,epa.gov,20210101
55,/web/20210102002138/https://www.epa.gov/lep/tagalog,epa.gov,20210101
56,/web/20210102002138/https://www.epa.gov/pesticides,epa.gov,20210101
57,/web/20210102002138/https://www.epa.gov/aboutepa/regional-and-geographic-offices,epa.gov,20210101
58,/web/20210102002138/https://www.epa.gov/environmental-topics/science-topics,epa.gov,20210101
59,/web/20210102002138/https://www.epa.gov/newsroom/email-subscriptions-epa-news-releases,epa.gov,20210101
60,/web/20210102002138/https://www.epa.gov/newsreleases/epa-celebrates-50-year-progress-dedicates-conference-center-first-administrator,epa.gov,20210101
61,/web/20210102002138/https://www.epa.gov/languages/traditional-chinese,epa.gov,20210101
62,/web/20210102000307/https://www.noaa.gov/disclaimer,noaa.gov,20210101
63,/web/20210102000307/https://www.noaa.gov/sanctuaries,noaa.gov,20210101
64,/web/20210102002138/https://www.epa.gov/foia,epa.gov,20210101
65,/web/20210102002138/https://www.epa.gov/environmental-topics/air-topics,epa.gov,20210101
66,/web/20210102002138/https://www.epa.gov/environmental-topics/water-topics,epa.gov,20210101
67,/web/20210102002138/https://www.epa.gov/open,epa.gov,20210101
68,/web/20210102000307/https://www.noaa.gov/news-features,noaa.gov,20210101
69,/web/20210102002138/https://www.epa.gov/topics-epa-web,epa.gov,20210101
70,/web/20210102000307/https://www.noaa.gov/organization/budget-finance-performance,noaa.gov,20210101
71,/web/20210102000307/https://www.noaa.gov/news/noaa-and-usaid-join-forces-to-help-nations-combat-illegal-fishing-practices,noaa.gov,20210101
72,/web/20210102002138/https://www.epa.gov/lep/koronavirus-2019-covid-19,epa.gov,20210101
73,/web/20210102002138/https://www.epa.gov/pfas,epa.gov,20210101
74,https://web.archive.org/web/20210102002138/http://espanol.epa.gov/,epa.gov,20210101
75,/web/20210102002138/https://www.epa.gov/home/frequent-questions-specific-epa-programstopics,epa.gov,20210101
76,/web/20210102000307/https://www.noaa.gov/organization/inclusion-and-civil-rights/no-fear-act,noaa.gov,20210101
77,/web/20210102000307/https://www.noaa.gov/educational-resources,noaa.gov,20210101
78,/web/20210102000307/https://www.noaa.gov/contact-us,noaa.gov,20210101
79,https://web.archive.org/web/20210102002138/https://www.facebook.com/sharer.php?u=https://www.epa.gov/home&t=home,epa.gov,20210101
80,/web/20210102002138/https://www.epa.gov/wifia,epa.gov,20210101
81,/web/20210102002138/https://www.epa.gov/lep/benh-coronavirus-2019-covid-19,epa.gov,20210101
82,/web/20210102002138/https://www.epa.gov/bedbugs,epa.gov,20210101
83,/web/20210102000307/https://www.noaa.gov/need-help,noaa.gov,20210101
84,/web/20210102002138/https://www.epa.gov/home/forms/contact-epa,epa.gov,20210101
85,https://web.archive.org/web/20210102000307/http://www.cio.noaa.gov/services_programs/info_quality.html,noaa.gov,20210101
86,/web/20210102002138/https://www.epa.gov/enforcement/data-and-results,epa.gov,20210101
87,/web/20210102002138/https://www.epa.gov/coronavirus,epa.gov,20210101
88,/web/20210102002138/https://www.epa.gov/regulatory-information-sector,epa.gov,20210101
89,/web/20210102002138/https://www.epa.gov/50,epa.gov,20210101
90,https://web.archive.org/web/20210102002138/https://espanol.epa.gov/espanol/enfermedad-del-coronavirus-2019-covid-19,epa.gov,20210101
91,https://www3.epa.gov/,epa.gov,20210101
92,/web/20210102002138/https://www.epa.gov/aboutepa/research-centers-programs-and-science-advisory-organizations,epa.gov,20210101
93,/web/20210102002138/https://www.epa.gov/lep/haitian-creole,epa.gov,20210101
94,/web/20210102000307/https://www.noaa.gov/research,noaa.gov,20210101
95,/web/20210102002138/https://www.epa.gov/lep/portugese-covid19,epa.gov,20210101
96,/web/20210102002138/https://www.epa.gov/regulatory-information-topic,epa.gov,20210101
97,/web/20210102000307/https://www.noaa.gov/stay-connected,noaa.gov,20210101
98,/web/20210102002138/https://www.epa.gov/laws-regulations/regulations,epa.gov,20210101
99,/web/20210102002138/https://www.epa.gov/compliance,epa.gov,20210101
100,/web/20210102000307/https://www.noaa.gov/climate,noaa.gov,20210101
101,/web/20210102002138/https://www.epa.gov/lep/traditional-chinese-covid19,epa.gov,20210101
102,/web/20210102002138/https://www.epa.gov/lead,epa.gov,20210101
103,/web/20210102000307/https://www.noaa.gov/guidance,noaa.gov,20210101
104,/web/20210102002138/https://www.epa.gov/research-states,epa.gov,20210101
105,/web/20210102002138/https://www.epa.gov/laws-regulations,epa.gov,20210101
106,http://www.epa.gov/,epa.gov,20210101
107,/web/20210102000307/https://www.noaa.gov/marine-aviation,noaa.gov,20210101
108,/web/20210102002138/https://www.epa.gov/aboutepa/notice-regarding-hard-copy-submissions-epa-during-covid-19-national-emergency,epa.gov,20210101
109,https://web.archive.org/web/20210102002138/mailto:%20?subject=Shared%20from%20the%20US%20EPA:%20home&body=home%20-%20https://www.epa.gov/home,epa.gov,20210101
110,/web/20210102000307/https://www.noaa.gov/weather,noaa.gov,20210101
111,/web/20210102002138/https://www.epa.gov/newsroom,epa.gov,20210101
112,/web/20210102002138/https://www.epa.gov/lep/russian,epa.gov,20210101
113,/web/20210102002138/https://www.epa.gov/environmental-topics/z-index,epa.gov,20210101
114,/web/20210102002138/https://www.epa.gov/guidance,epa.gov,20210101
115,/web/20210102002138/https://www.epa.gov/lep/saude-e-informacoes-ambientais-em-portugues,epa.gov,20210101
116,https://www.noaa.gov/,noaa.gov,20210101
117,/web/20210102002138/https://www.epa.gov/environmental-topics/chemicals-and-toxics-topics,epa.gov,20210101
118,/web/20210102002138/https://www.epa.gov/newsroom/epa-year-review-2019,epa.gov,20210101
119,https://web.archive.org/web/20210102000307/https://oceanservice.noaa.gov/kids/,noaa.gov,20210101
120,/web/20210102002138/https://www.epa.gov/environmental-topics/location-specific-environmental-information,epa.gov,20210101
121,/web/20210102002138/https://www.epa.gov/lep/korean-covid19,epa.gov,20210101
122,/web/20210102000307/https://www.noaa.gov/stories/3-ways-satellites-connect-scientists-with-ocean-life,noaa.gov,20210101
123,/web/20210102002138/https://www.epa.gov/environmental-topics,epa.gov,20210101
124,/web/20210102002138/https://www.epa.gov/assessing-and-managing-chemicals-under-tsca/frank-r-lautenberg-chemical-safety-21st-century-act-4,epa.gov,20210101
125,/web/20210102002138/https://www.epa.gov/brownfields,epa.gov,20210101
126,/web/20210102002138/https://www.epa.gov/environmental-topics/greener-living,epa.gov,20210101
127,/web/20210102002138/https://www.epa.gov/ocr/whistleblower-protections-epa-and-how-they-relate-non-disclosure-agreements-signed-epa-employees,epa.gov,20210101
128,https://web.archive.org/web/20210102000307/http://www.homelandsecurity.noaa.gov/,noaa.gov,20210101
129,/web/20210102000307/https://www.noaa.gov/satellite-imagery-reports-launch-information,noaa.gov,20210101
130,/web/20210102002138/https://www.epa.gov/newsreleases/epa-issues-stronger-lead-regulations-protect-childrens-health-0,epa.gov,20210101
131,/web/20210102002138/https://www.epa.gov/environmental-topics/health-topics,epa.gov,20210101
132,/web/20210102002138/https://www.epa.gov/home/epa-hotlines,epa.gov,20210101
133,/web/20210102002138/https://www.epa.gov/acidrain,epa.gov,20210101
134,/web/20210102000307/https://www.noaa.gov/ocean-and-coastal-tools-sanctuary-permits-charts-and-images,noaa.gov,20210101
135,/web/20210102002138/https://www.epa.gov/environmental-topics/land-waste-and-cleanup-topics,epa.gov,20210101
136,/web/20210102002138/https://www.epa.gov/aboutepa/epas-administrator,epa.gov,20210101
137,/web/20210102002138/https://www.epa.gov/languages/simplified-chinese,epa.gov,20210101
138,/web/20210102000307/https://www.noaa.gov/charting,noaa.gov,20210101
139,/web/20210102002138/https://www.epa.gov/lep/tagalog-covid19,epa.gov,20210101
140,https://web.archive.org/web/20210102002138/https://twitter.com/intent/tweet?original_referer=https://www.epa.gov/home&text=home&url=https://www.epa.gov/home&via=EPA&count=none&lang=en,epa.gov,20210101
141,/web/20210102000307/https://www.noaa.gov/weather-and-climate-resources,noaa.gov,20210101
142,/web/20210102002138/https://www.epa.gov/coronavirus/guidance-cleaning-and-disinfecting-public-spaces-workplaces-businesses-schools-and-homes,epa.gov,20210101
143,/web/20210102002138/https://www.epa.gov/e-enterprise,epa.gov,20210101
144,/web/20210102000307/https://www.noaa.gov/satellites,noaa.gov,20210101
145,/web/20210102002138/https://www.epa.gov/smartsectors,epa.gov,20210101
146,/web/20210102000307/https://www.noaa.gov/budget-grants-and-corporate-services,noaa.gov,20210101
147,/web/20210102002138/https://www.epa.gov/home/exit-epa,epa.gov,20210101
148,/web/20210102002138/https://www.epa.gov/ground-water-and-drinking-water/basic-information-about-your-drinking-water,epa.gov,20210101
149,/web/20210102002138/https://www.epa.gov/laws-regulations/laws-and-executive-orders,epa.gov,20210101
150,/web/20210102000307/https://www.noaa.gov/stories/get-your-snowstorm-smarts-on-8-forecast-tools-to-use-winter,noaa.gov,20210101
0,/web/20240101193934/https://www.sustainability.gov/federalsustainabilityplan/workforce.html,sustainability.gov,20240101
1,/web/20240101235659/https://www.epa.gov/environmental-topics,epa.gov,20240101
2,/web/20240101193934/https://www.sustainability.gov/archived-resources.html,sustainability.gov,20240101
3,/web/20240101235659/https://www.epa.gov/aboutepa/regional-and-geographic-offices,epa.gov,20240101
4,/web/20240101235659/https://www.epa.gov/environmental-topics/chemicals-pesticides-and-toxics-topics,epa.gov,20240101
5,/web/20240101235659/https://www.epa.gov/environmental-topics/greener-living,epa.gov,20240101
6,/web/20240101235659/https://www.epa.gov/foia,epa.gov,20240101
7,/web/20240101235659/https://www.epa.gov/environmentaljustice,epa.gov,20240101
8,https://web.archive.org/web/20240101235659/https://cfpub.epa.gov/locator/index.cfm,epa.gov,20240101
9,/web/20240101235659/https://www.epa.gov/web-policies-and-procedures/epa-disclaimers,epa.gov,20240101
10,/web/20240101193934/https://www.sustainability.gov/federalsustainabilityplan/emissions.html,sustainability.gov,20240101
11,http://www.epa.gov/,epa.gov,20240101
12,/web/20240101235659/https://www.epa.gov/aboutepa/research-centers-programs-and-science-advisory-organizations,epa.gov,20240101
13,/web/20240101193934/https://www.sustainability.gov/sustainability-series.html,sustainability.gov,20240101
14,/web/20240101193934/https://www.sustainability.gov/whoweare.html,sustainability.gov,20240101
15,/web/20240101235659/https://www.epa.gov/ground-water-and-drinking-water,epa.gov,20240101
16,/web/20240101193934/https://www.sustainability.gov/federalsustainabilityplan/fleet.html,sustainability.gov,20240101
17,/web/20240101193934/https://www.sustainability.gov/federalsustainabilityplan/carbon.html,sustainability.gov,20240101
18,/web/20240101235659/https://www.epa.gov/planandbudget,epa.gov,20240101
19,https://web.archive.org/web/20240101235659/https://espanol.epa.gov/,epa.gov,20240101
20,/web/20240101235659/https://www.epa.gov/newsreleases/epa-reaches-agreement-advance-cleanup-san-german-superfund-site-puerto-rico,epa.gov,20240101
21,/web/20240101235659/https://www.epa.gov/environmental-topics/environmental-information-by-location,epa.gov,20240101
22,/web/20240101235659/https://www.epa.gov/newsreleases/biden-harris-administration-selects-texas-southern-university-receive-50000000-fund,epa.gov,20240101
23,/web/20240101235659/https://www.epa.gov/perspectives,epa.gov,20240101
24,/web/20240101235659/https://www.epa.gov/data,epa.gov,20240101
25,/web/20240101235659/https://www.epa.gov/home/frequent-questions-specific-epa-programstopics,epa.gov,20240101
26,https://www.sustainability.gov/,sustainability.gov,20240101
27,/web/20240101235659/https://www.epa.gov/environmental-topics/water-topics,epa.gov,20240101
28,/web/20240101193934/https://www.sustainability.gov/federalsustainabilityplan/index.html,sustainability.gov,20240101
29,/web/20240101235659/https://www.epa.gov/lep/vietnamese,epa.gov,20240101
30,https://epa.gov/,epa.gov,20240101
31,/web/20240101193934/https://www.sustainability.gov/policy.html,sustainability.gov,20240101
32,/web/20240101235659/https://www.epa.gov/environmental-topics/land-waste-and-cleanup-topics,epa.gov,20240101
33,/web/20240101235659/https://www.epa.gov/ocr/whistleblower-protections-epa-and-how-they-relate-non-disclosure-agreements-signed-epa,epa.gov,20240101
34,/web/20240101235659/https://www.epa.gov/aboutepa/epa-hotlines,epa.gov,20240101
35,/web/20240101235659/https://www.epa.gov/mold,epa.gov,20240101
36,/web/20240101235659/https://www.epa.gov/lep/simplified-chinese,epa.gov,20240101
37,/web/20240101235659/https://www.epa.gov/lep/saude-e-informacoes-ambientais-em-portugues,epa.gov,20240101
38,/web/20240101235659/https://www.epa.gov/lep/traditional-chinese,epa.gov,20240101
39,/web/20240101235659/https://www.epa.gov/alerts,epa.gov,20240101
40,/web/20240101235659/https://www.epa.gov/laws-regulations,epa.gov,20240101
41,/web/20240101235659/https://www.epa.gov/privacy,epa.gov,20240101
42,/web/20240101235659/https://www.epa.gov/history,epa.gov,20240101
43,/web/20240101235659/https://www.epa.gov/web-policies-and-procedures/plain-writing,epa.gov,20240101
44,/web/20240101193934/https://www.sustainability.gov/federalsustainabilityplan/partnerships.html,sustainability.gov,20240101
45,/web/20240101235659/https://www.epa.gov/environmental-topics/epa-efforts-reduce-exposure-carcinogens-and-prevent-cancer,epa.gov,20240101
46,/web/20240101235659/https://www.epa.gov/lep/sante-ak-anviwonman-enfomasyon-kreyol-ayisyen,epa.gov,20240101
47,/web/20240101235659/https://www.epa.gov/enforcement,epa.gov,20240101
48,/web/20240101235659/https://www.epa.gov/,epa.gov,20240101
49,/web/20240101235659/https://www.epa.gov/grants,epa.gov,20240101
50,/web/20240101235659/https://www.epa.gov/home/forms/send-request-technical-support,epa.gov,20240101
51,/web/20240101235659/https://www.epa.gov/aboutepa/epa-administrator,epa.gov,20240101
52,/web/20240101235659/https://www.epa.gov/privacy/privacy-and-security-notice,epa.gov,20240101
53,/web/20240101235659/https://www.epa.gov/lep/korean,epa.gov,20240101
54,https://web.archive.org/web/20240101235659/https://www.epa.gov/node/37925,epa.gov,20240101
55,/web/20240101193934/https://www.sustainability.gov/federalsustainabilityplan/procurement.html,sustainability.gov,20240101
56,/web/20240101235659/https://www.epa.gov/newsreleases/search,epa.gov,20240101
57,/web/20240101235659/https://www.epa.gov/perspectives/how-community-led-change-helping-rural-places-and-people-thrive,epa.gov,20240101
58,/web/20240101235659/https://www.epa.gov/regulatory-information-topic,epa.gov,20240101
59,/web/20240101235659/https://www.epa.gov/topics-epa-web,epa.gov,20240101
60,/web/20240101235659/https://www.epa.gov/newsreleases/epa-completes-cleanup-187-properties-year-jacobsville-superfund-site-evansville,epa.gov,20240101
61,/web/20240101193934/https://www.sustainability.gov/leadingbyexample.html,sustainability.gov,20240101
62,/web/20240101235659/https://www.epa.gov/environmental-topics/health-topics,epa.gov,20240101
63,/web/20240101235659/https://www.epa.gov/newsreleases/biden-harris-administration-finalizes-standards-slash-methane-pollution-combat-climate,epa.gov,20240101
64,/web/20240101235659/https://www.epa.gov/contracts,epa.gov,20240101
65,/web/20240101193934/https://www.sustainability.gov/progress.html,sustainability.gov,20240101
66,/web/20240101235659/https://www.epa.gov/aboutepa,epa.gov,20240101
67,/web/20240101235659/https://www.epa.gov/lead,epa.gov,20240101
68,/web/20240101235659/https://www.epa.gov/aboutepa/epa-organization-chart,epa.gov,20240101
69,/web/20240101235659/https://www.epa.gov/lep/russian,epa.gov,20240101
70,/web/20240101235659/https://www.epa.gov/lep/tagalog,epa.gov,20240101
71,/web/20240101235659/https://www.epa.gov/emergency-response,epa.gov,20240101
72,http://sustainability.gov/,sustainability.gov,20240101
73,/web/20240101235659/https://www.epa.gov/invest/investments-epa-under-bipartisan-infrastructure-law,epa.gov,20240101
74,/web/20240101235659/https://www.epa.gov/home/forms/contact-epa,epa.gov,20240101
75,/web/20240101235659/https://www.epa.gov/aboutepa/our-mission-and-what-we-do,epa.gov,20240101
76,/web/20240101235659/https://www.epa.gov/climate-change,epa.gov,20240101
77,/web/20240101235659/https://www.epa.gov/bedbugs,epa.gov,20240101
78,/web/20240101235659/https://www.epa.gov/aboutepa#hq,epa.gov,20240101
79,/web/20240101235659/https://www.epa.gov/newsroom,epa.gov,20240101
80,https://www.epa.gov/,epa.gov,20240101
81,/web/20240101193934/https://www.sustainability.gov/buyclean/index.html,sustainability.gov,20240101
82,/web/20240101235659/https://www.epa.gov/newsreleases/biden-harris-administration-proposes-strengthen-lead-and-copper-rule-protect-all,epa.gov,20240101
83,/web/20240101193934/https://www.sustainability.gov/federalsustainabilityplan/buildings.html,sustainability.gov,20240101
84,/web/20240101235659/https://www.epa.gov/compliance,epa.gov,20240101
85,/web/20240101193934/https://www.sustainability.gov/federalsustainabilityplan/resilience.html,sustainability.gov,20240101
86,/web/20240101235659/https://www.epa.gov/accessibility/epa-accessibility-statement,epa.gov,20240101
87,/web/20240101235659/https://www.epa.gov/newsroom/email-subscriptions-epa-news-releases,epa.gov,20240101
88,/web/20240101235659/https://www.epa.gov/environmental-topics/air-topics,epa.gov,20240101
89,/web/20240101235659/https://www.epa.gov/radon,epa.gov,20240101
90,/web/20240101235659/https://www.epa.gov/newsreleases/36-million-epa-grant-ontario-calif-spur-recycling-reduce-food-waste,epa.gov,20240101
91,https://web.archive.org/web/20240101235659/https://echo.epa.gov/report-environmental-violations,epa.gov,20240101
92,https://www3.epa.gov/,epa.gov,20240101
93,/web/20240101235659/https://www.epa.gov/radon/find-radon-test-kit-or-measurement-and-mitigation-professional,epa.gov,20240101
94,/web/20240101235659/https://www.epa.gov/perspectives/silver-anniversary-gold-standard-childrens-environmental-health-protection,epa.gov,20240101
95,/web/20240101235659/https://www.epa.gov/environmental-topics/science-topics,epa.gov,20240101
96,http://www3.epa.gov/,epa.gov,20240101
97,/web/20240101193934/https://www.sustainability.gov/newsroom.html,sustainability.gov,20240101
98,/web/20240101235659/https://www.epa.gov/regulatory-information-sector,epa.gov,20240101
99,/web/20240101235659/https://www.epa.gov/report-violation,epa.gov,20240101
100,/web/20240101235659/https://www.epa.gov/radon/health-risk-radon,epa.gov,20240101
101,/web/20240101235659/https://www.epa.gov/laws-regulations/laws-and-executive-orders,epa.gov,20240101
102,/web/20240101193934/https://www.sustainability.gov/government_data.html,sustainability.gov,20240101
103,/web/20240101235659/https://www.epa.gov/invest,epa.gov,20240101
104,/web/20240101235659/https://www.epa.gov/laws-regulations/regulations,epa.gov,20240101
105,/web/20240101193934/https://www.sustainability.gov/ggi/index.html,sustainability.gov,20240101
106,https://sustainability.gov/,sustainability.gov,20240101
107,/web/20240101193934/https://www.sustainability.gov/about_cso.html,sustainability.gov,20240101
108,/web/20240101235659/https://www.epa.gov/lep/arabic,epa.gov,20240101
109,/web/20240101235659/https://www.epa.gov/careers,epa.gov,20240101
110,/web/20240101193934/https://www.sustainability.gov/resources.html,sustainability.gov,20240101
111,/web/20240101193934/https://www.sustainability.gov/federalsustainabilityplan/justice.html,sustainability.gov,20240101
112,http://epa.gov/,epa.gov,20240101
113,/web/20240101193934/https://www.sustainability.gov/resources-eo-efo.html,sustainability.gov,20240101
114,/web/20240101235659/https://www.epa.gov/utilities/wwwepagov-snapshots,epa.gov,20240101
115,/web/20240101235659/https://www.epa.gov/newsreleases/epa-new-england-provides-tips-healthier-heating-season-0,epa.gov,20240101
116,/web/20240101235659/https://www.epa.gov/grants/epa-grants-webinars,epa.gov,20240101
117,/web/20240101235659/https://www.epa.gov/research,epa.gov,20240101
118,/web/20240101193934/https://www.sustainability.gov/about.html,sustainability.gov,20240101
0,/web/20250102014831/https://www.epa.gov/bedbugs,epa.gov,20250101
1,/web/20250101234020/https://www.noaa.gov/organization/information-technology/policy-oversight/information-quality,noaa.gov,20250101
2,/web/20250102014831/https://www.epa.gov/compliance,epa.gov,20250101
3,/web/20250102014831/https://www.epa.gov/perspectives,epa.gov,20250101
4,/web/20250101234020/https://www.noaa.gov/satellites,noaa.gov,20250101
5,/web/20250101234020/https://www.noaa.gov/inflation-reduction-act,noaa.gov,20250101
6,/web/20250101234020/https://www.noaa.gov/news/earth-saw-its-2nd-warmest-november-on-record,noaa.gov,20250101
7,/web/20250102014831/https://www.epa.gov/regulatory-information-topic,epa.gov,20250101
8,/web/20241230210606/https://www.sustainability.gov/federalsustainabilityplan/fleet.html,sustainability.gov,20250101
9,/web/20250102014831/https://www.epa.gov/ocr/no-fear-act-data,epa.gov,20250101
10,/web/20241230210606/https://www.sustainability.gov/ggi/index.html,sustainability.gov,20250101
11,/web/20250102014831/https://www.epa.gov/web-policies-and-procedures/epa-disclaimers,epa.gov,20250101
12,/web/20241230210606/https://www.sustainability.gov/federalsustainabilityplan/workforce.html,sustainability.gov,20250101
13,/web/20250102014831/https://www.epa.gov/privacy,epa.gov,20250101
14,/web/20241230210606/https://www.sustainability.gov/leadership.html,sustainability.gov,20250101
15,/web/20241230210606/https://www.sustainability.gov/policy.html,sustainability.gov,20250101
16,/web/20250102014831/https://www.epa.gov/lep/arabic,epa.gov,20250101
17,/web/20250102014831/https://www.epa.gov/environmental-topics/air-topics,epa.gov,20250101
18,/web/20250102014831/https://www.epa.gov/lep/simplified-chinese,epa.gov,20250101
19,/web/20250102014831/https://www.epa.gov/laws-regulations/regulations,epa.gov,20250101
20,/web/20250102014831/https://www.epa.gov/newsreleases/epa-hold-public-meeting-jan-7-proposed-agreement-illinois-dnr-clean-brandon-road,epa.gov,20250101
21,/web/20250102014831/https://www.epa.gov/lead,epa.gov,20250101
22,/web/20250102014831/https://www.epa.gov/privacy/privacy-and-security-notice,epa.gov,20250101
23,/web/20250101234020/https://www.noaa.gov/climate,noaa.gov,20250101
24,/web/20250102014831/https://www.epa.gov/home/forms/contact-epa,epa.gov,20250101
25,/web/20250102014831/https://www.epa.gov/environmental-topics/water-topics,epa.gov,20250101
26,/web/20250102014831/https://www.epa.gov/environmental-topics/greener-living,epa.gov,20250101
27,/web/20250101234020/https://www.noaa.gov/guidance,noaa.gov,20250101
28,/web/20250102014831/https://www.epa.gov/laws-regulations,epa.gov,20250101
29,http://www.epa.gov/,epa.gov,20250101
30,/web/20241230210606/https://www.sustainability.gov/federalsustainabilityplan/procurement.html,sustainability.gov,20250101
31,/web/20250101234020/https://www.noaa.gov/,noaa.gov,20250101
32,/web/20250101234020/https://www.noaa.gov/infrastructure-law,noaa.gov,20250101
33,https://epa.gov/,epa.gov,20250101
34,/web/20250102014831/https://www.epa.gov/,epa.gov,20250101
35,/web/20250102014831/https://www.epa.gov/lep/traditional-chinese,epa.gov,20250101
36,/web/20250102014831/https://www.epa.gov/regulatory-information-sector,epa.gov,20250101
37,/web/20250102014831/https://www.epa.gov/perspectives/lead-private-well-water-and-its-impacts-childrens-health,epa.gov,20250101
38,/web/20250102014831/https://www.epa.gov/newsreleases/epa-and-department-energy-announce-345m-reduce-methane-pollution-oil-and-gas-sector,epa.gov,20250101
39,/web/20250102014831/https://www.epa.gov/emergency-response,epa.gov,20250101
40,/web/20241230210606/https://www.sustainability.gov/federalsustainabilityplan/partnerships.html,sustainability.gov,20250101
41,/web/20250102014831/https://www.epa.gov/environmental-topics/chemicals-pesticides-and-toxics-topics,epa.gov,20250101
42,/web/20241230210606/https://www.sustainability.gov/archived-resources.html,sustainability.gov,20250101
43,/web/20250101234020/https://www.noaa.gov/weather,noaa.gov,20250101
44,/web/20250102014831/https://www.epa.gov/environmental-topics,epa.gov,20250101
45,https://www.noaa.gov/,noaa.gov,20250101
46,/web/20250102014831/https://www.epa.gov/aboutepa/epa-organization-chart,epa.gov,20250101
47,/web/20250102014831/https://www.epa.gov/environmental-topics/environmental-information-by-location,epa.gov,20250101
48,/web/20250102014831/https://www.epa.gov/environmental-topics/health-topics,epa.gov,20250101
49,/web/20250102014831/https://www.epa.gov/newsreleases/us-environmental-protection-agency-and-us-department-energy-announce-850m-reduce,epa.gov,20250101
50,/web/20250102014831/https://www.epa.gov/lep/assistance#kor,epa.gov,20250101
51,https://www3.epa.gov/,epa.gov,20250101
52,/web/20250101234020/https://www.noaa.gov/stories/healthy-from-shore-to-sea-how-us-public-health-service-supports-noaas-fleet-ext,noaa.gov,20250101
53,/web/20250102014831/https://www.epa.gov/lep/assistance#viet,epa.gov,20250101
54,/web/20241230210606/https://www.sustainability.gov/federalsustainabilityplan/resilience.html,sustainability.gov,20250101
55,/web/20250102014831/https://www.epa.gov/report-violation,epa.gov,20250101
56,http://sustainability.gov/,sustainability.gov,20250101
57,/web/20241230210606/https://www.sustainability.gov/resources-eo-efo.html,sustainability.gov,20250101
58,/web/20250101234020/https://www.noaa.gov/protecting-your-privacy,noaa.gov,20250101
59,/web/20250101234020/https://www.noaa.gov/research,noaa.gov,20250101
60,http://www.noaa.gov/,noaa.gov,20250101
61,/web/20250102014831/https://www.epa.gov/aboutepa/research-centers-programs-and-science-advisory-organizations,epa.gov,20250101
62,/web/20250101234020/https://www.noaa.gov/fisheries,noaa.gov,20250101
63,http://epa.gov/,epa.gov,20250101
64,/web/20250102014831/https://www.epa.gov/ground-water-and-drinking-water,epa.gov,20250101
65,/web/20250102014831/https://www.epa.gov/lep/assistance#fr,epa.gov,20250101
66,/web/20250102014831/https://www.epa.gov/web-policies-and-procedures/plain-writing,epa.gov,20250101
67,/web/20241230210606/https://www.sustainability.gov/newsroom.html,sustainability.gov,20250101
68,/web/20250101234020/https://www.noaa.gov/news/latest-world-magnetic-model-provides-more-precise-navigational-data-ext,noaa.gov,20250101
69,/web/20250101234020/https://www.noaa.gov/news/new-years-eve-forecast-rain-for-some-above-average-temps-for-most,noaa.gov,20250101
70,/web/20250101234020/https://www.noaa.gov/contact-us,noaa.gov,20250101
71,/web/20250102014831/https://www.epa.gov/lep/assistance,epa.gov,20250101
72,/web/20250101234020/https://www.noaa.gov/information-technology/foia,noaa.gov,20250101
73,/web/20250101234020/https://www.noaa.gov/charting,noaa.gov,20250101
74,http://www.sustainability.gov/,sustainability.gov,20250101
75,/web/20250101234020/https://www.noaa.gov/inclusion-and-civil-rights,noaa.gov,20250101
76,/web/20250102014831/https://www.epa.gov/laws-regulations/laws-and-executive-orders,epa.gov,20250101
77,https://web.archive.org/web/20250102014831/https://www.epa.gov/ports-initiative/clean-ports-program-selections,epa.gov,20250101
78,/web/20241230210606/https://www.sustainability.gov/about_cso.html,sustainability.gov,20250101
79,https://noaa.gov/,noaa.gov,20250101
80,/web/20250102014831/https://www.epa.gov/invest/investments-epa-under-bipartisan-infrastructure-law-and-inflation-reduction-act,epa.gov,20250101
81,/web/20250101234020/https://www.noaa.gov/sanctuaries,noaa.gov,20250101
82,/web/20241230210606/https://www.sustainability.gov/buyclean/index.html,sustainability.gov,20250101
83,/web/20241230210606/https://www.sustainability.gov/federalsustainabilityplan/carbon.html,sustainability.gov,20250101
84,/web/20250102014831/https://www.epa.gov/lep/vietnamese,epa.gov,20250101
85,http://noaa.gov/,noaa.gov,20250101
86,/web/20250102014831/https://www.epa.gov/lep/portuguese,epa.gov,20250101
87,/web/20250102014831/https://www.epa.gov/lep/assistance#hc,epa.gov,20250101
88,/web/20250101234020/https://www.noaa.gov/about-our-agency,noaa.gov,20250101
89,/web/20250101234020/https://www.noaa.gov/stories/watches-warnings-and-wall-clouds-brush-up-on-tornadoes-in-101-ext,noaa.gov,20250101
90,/web/20250101234020/https://www.noaa.gov/organization/information-technology/emergency-information-for-noaa-employees,noaa.gov,20250101
91,/web/20250102014831/https://www.epa.gov/environmental-topics/land-waste-and-cleanup-topics,epa.gov,20250101
92,/web/20241230210606/https://www.sustainability.gov/leadingbyexample.html,sustainability.gov,20250101
93,/web/20250102014831/https://www.epa.gov/topics-epa-web,epa.gov,20250101
94,/web/20250102014831/https://www.epa.gov/aboutepa/our-mission-and-what-we-do,epa.gov,20250101
95,/web/20250101234020/https://www.noaa.gov/legislative-and-intergovernmental-affairs/noaa-tribal-resources,noaa.gov,20250101
96,/web/20250102014831/https://www.epa.gov/environmentaljustice,epa.gov,20250101
97,/web/20250102014831/https://www.epa.gov/invest,epa.gov,20250101
98,https://web.archive.org/web/20250102014831/https://www.epa.gov/node/37925,epa.gov,20250101
99,/web/20250102014831/https://www.epa.gov/accessibility/epa-accessibility-statement,epa.gov,20250101
100,/web/20250101234020/https://www.noaa.gov/education,noaa.gov,20250101
101,/web/20250102014831/https://www.epa.gov/lep/assistance#chi-s,epa.gov,20250101
102,/web/20250102014831/https://www.epa.gov/aboutepa#hq,epa.gov,20250101
103,/web/20250102014831/https://www.epa.gov/aboutepa/epa-administrator,epa.gov,20250101
104,/web/20241230210606/https://www.sustainability.gov/about.html,sustainability.gov,20250101
105,/web/20250102014831/https://www.epa.gov/radon,epa.gov,20250101
106,/web/20250102014831/https://www.epa.gov/newsroom/email-subscriptions-epa-news-releases,epa.gov,20250101
107,/web/20250102014831/https://www.epa.gov/newsreleases/epa-issues-first-ever-underground-injection-permits-carbon-sequestration-california,epa.gov,20250101
108,https://web.archive.org/web/20250101234020/https://nsd.rdc.noaa.gov/,noaa.gov,20250101
109,/web/20250101234020/https://www.noaa.gov/budget-finance-performance,noaa.gov,20250101
110,/web/20250101234020/https://www.noaa.gov/news/bil-ira-awards-explorer-find-investments-making-big-difference-for-us-communities,noaa.gov,20250101
111,https://web.archive.org/web/20250102014831/https://cfpub.epa.gov/locator/index.cfm,epa.gov,20250101
112,/web/20250101234020/https://www.noaa.gov/stories/wait-hurricane-hunters-fly-winter-missions-too,noaa.gov,20250101
113,/web/20241230210606/https://www.sustainability.gov/federalsustainabilityplan/buildings.html,sustainability.gov,20250101
114,/web/20250101234020/https://www.noaa.gov/heritage/stories/friday-find-when-tsunami-strikes-smart-buoy-helps-save-lives,noaa.gov,20250101
115,/web/20241230210606/https://www.sustainability.gov/progress.html,sustainability.gov,20250101
116,http://www3.epa.gov/,epa.gov,20250101
117,/web/20250102014831/https://www.epa.gov/aboutepa,epa.gov,20250101
118,/web/20250102014831/https://www.epa.gov/lep/haitian-creole,epa.gov,20250101
119,/web/20241230210606/https://www.sustainability.gov/federalsustainabilityplan/justice.html,sustainability.gov,20250101
120,/web/20250101234020/https://www.noaa.gov/need-help,noaa.gov,20250101
121,/web/20250102014831/https://www.epa.gov/contracts,epa.gov,20250101
122,/web/20250102014831/https://www.epa.gov/foia,epa.gov,20250101
123,/web/20250102014831/https://www.epa.gov/aboutepa/epa-hotlines,epa.gov,20250101
124,/web/20250102014831/https://www.epa.gov/lep/assistance#chi-tr,epa.gov,20250101
125,/web/20250101234020/https://www.noaa.gov/marine-aviation,noaa.gov,20250101
126,/web/20250102014831/https://www.epa.gov/lep/assistance#tag,epa.gov,20250101
127,/web/20241230210606/https://www.sustainability.gov/federalsustainabilityplan/index.html,sustainability.gov,20250101
128,https://www.sustainability.gov/,sustainability.gov,20250101
129,/web/20250101234020/https://www.noaa.gov/organization/inclusion-and-civil-rights/no-fear-act,noaa.gov,20250101
130,/web/20250102014831/https://www.epa.gov/newsroom,epa.gov,20250101
131,/web/20250102014831/https://www.epa.gov/lep/russian,epa.gov,20250101
132,/web/20241230210606/https://www.sustainability.gov/sustainability-series.html,sustainability.gov,20250101
133,https://www.sustainability.gov:443/,sustainability.gov,20250101
134,/web/20250102014831/https://www.epa.gov/research,epa.gov,20250101
135,https://web.archive.org/web/20250102014831/https://echo.epa.gov/report-environmental-violations,epa.gov,20250101
136,/web/20241230210606/https://www.sustainability.gov/resources.html,sustainability.gov,20250101
137,/web/20250102014831/https://www.epa.gov/aboutepa/regional-and-geographic-offices,epa.gov,20250101
138,https://web.archive.org/web/20250101234020/https://sites.google.com/noaa.gov/ohcs/current-event,noaa.gov,20250101
139,/web/20250101234020/https://www.noaa.gov/news-features,noaa.gov,20250101
140,/web/20250102014831/https://www.epa.gov/planandbudget,epa.gov,20250101
141,/web/20250102014831/https://www.epa.gov/careers,epa.gov,20250101
142,/web/20250101234020/https://www.noaa.gov/accessibility,noaa.gov,20250101
143,/web/20250102014831/https://www.epa.gov/data,epa.gov,20250101
144,/web/20250102014831/https://www.epa.gov/lep/assistance#port,epa.gov,20250101
145,/web/20250102014831/https://www.epa.gov/home/frequent-questions-specific-epa-programstopics,epa.gov,20250101
146,/web/20250102014831/https://www.epa.gov/lep/korean,epa.gov,20250101
147,https://www.epa.gov/,epa.gov,20250101
148,https://web.archive.org/web/20250102014831/https://www.epa.gov/node/276157,epa.gov,20250101
149,/web/20241230210606/https://www.sustainability.gov/federalsustainabilityplan/emissions.html,sustainability.gov,20250101
150,/web/20250102014831/https://www.epa.gov/enforcement,epa.gov,20250101
151,/web/20250101234020/https://www.noaa.gov/stay-connected,noaa.gov,20250101
152,https://web.archive.org/web/20250102014831/https://www.epa.gov/automotive-trends,epa.gov,20250101
153,/web/20250102014831/https://www.epa.gov/grants,epa.gov,20250101
154,/web/20250102014831/https://www.epa.gov/newsreleases/epa-announces-record-decision-anniston-pcb-site-operable-unit-4-proposed-plan,epa.gov,20250101
155,https://sustainability.gov/,sustainability.gov,20250101
156,/web/20250102014831/https://www.epa.gov/climate-change,epa.gov,20250101
157,/web/20250102014831/https://www.epa.gov/newsreleases/search,epa.gov,20250101
158,/web/20250102014831/https://www.epa.gov/lep/tagalog,epa.gov,20250101
159,https://web.archive.org/web/20250102014831/https://espanol.epa.gov/,epa.gov,20250101
160,/web/20241230210606/https://www.sustainability.gov/government_data.html,sustainability.gov,20250101
161,/web/20250101234020/https://www.noaa.gov/disclaimer,noaa.gov,20250101
162,/web/20250101234020/https://www.noaa.gov/tools-and-resources,noaa.gov,20250101
163,/web/20250102014831/https://www.epa.gov/utilities/wwwepagov-snapshots,epa.gov,20250101
164,/web/20250102014831/https://www.epa.gov/mold,epa.gov,20250101
165,/web/20250102014831/https://www.epa.gov/lep/assistance#esp,epa.gov,20250101
166,/web/20250102014831/https://www.epa.gov/lep/assistance#ar,epa.gov,20250101
167,/web/20250102014831/https://www.epa.gov/alerts,epa.gov,20250101
168,/web/20250101234020/https://www.noaa.gov/ocean-coasts,noaa.gov,20250101
169,/web/20250102014831/https://www.epa.gov/lep/assistance#rus,epa.gov,20250101
170,/web/20250102014831/https://www.epa.gov/home/forms/send-request-technical-support,epa.gov,20250101
171,/web/20250102014831/https://www.epa.gov/environmental-topics/epa-efforts-reduce-exposure-carcinogens-and-prevent-cancer,epa.gov,20250101
172,/web/20250102014831/https://www.epa.gov/grants/epa-grants-webinars,epa.gov,20250101
173,/web/20250102014831/https://www.epa.gov/perspectives/teacher-author-how-climate-literacy-guided-my-career,epa.gov,20250101
174,/web/20250102014831/https://www.epa.gov/environmental-topics/science-topics,epa.gov,20250101
175,/web/20250102014831/https://www.epa.gov/history,epa.gov,20250101
0,/web/20250202003837/http://www.epa.gov/newsreleases/lee-m-zeldin-sworn-17th-epa-administrator,epa.gov,20250201
1,/web/20250202003837/http://www.epa.gov/lep/portuguese,epa.gov,20250201
2,/web/20250202001050/https://www.sustainability.gov/archived-resources.html,sustainability.gov,20250201
3,/web/20250202003837/http://www.epa.gov/environmental-topics/epa-efforts-reduce-exposure-carcinogens-and-prevent-cancer,epa.gov,20250201
4,/web/20250202003837/http://www.epa.gov/environmental-topics/health-topics,epa.gov,20250201
5,/web/20250202003837/http://www.epa.gov/utilities/wwwepagov-snapshots,epa.gov,20250201
6,/web/20250202003837/http://www.epa.gov/accessibility/epa-accessibility-statement,epa.gov,20250201
7,http://www.epa.gov/,epa.gov,20250201
8,/web/20250202003837/http://www.epa.gov/grants/epa-grants-webinars,epa.gov,20250201
9,/web/20250202003837/http://www.epa.gov/aboutepa/epa-organization-chart,epa.gov,20250201
10,/web/20250202003837/http://www.epa.gov/aboutepa#hq,epa.gov,20250201
11,/web/20250202003837/http://www.epa.gov/grants,epa.gov,20250201
12,/web/20250202003837/http://www.epa.gov/emergency-response,epa.gov,20250201
13,/web/20250202003837/http://www.epa.gov/contracts,epa.gov,20250201
14,/web/20250202003837/http://www.epa.gov/lep/tagalog,epa.gov,20250201
15,/web/20250202003837/http://www.epa.gov/laws-regulations/laws-and-executive-orders,epa.gov,20250201
16,/web/20250202003837/http://www.epa.gov/privacy,epa.gov,20250201
17,/web/20250202001050/https://www.sustainability.gov/resources.html,sustainability.gov,20250201
18,/web/20250202003837/http://www.epa.gov/lep/assistance#fr,epa.gov,20250201
19,/web/20250202003837/http://www.epa.gov/lep/assistance#tag,epa.gov,20250201
20,/web/20250202003837/http://www.epa.gov/aboutepa/regional-and-geographic-offices,epa.gov,20250201
21,/web/20250202003837/http://www.epa.gov/planandbudget,epa.gov,20250201
22,/web/20250202003837/http://www.epa.gov/web-policies-and-procedures/plain-writing,epa.gov,20250201
23,/web/20250202003837/http://www.epa.gov/home/forms/contact-epa,epa.gov,20250201
24,/web/20250202003837/http://www.epa.gov/bedbugs,epa.gov,20250201
25,http://www3.epa.gov/,epa.gov,20250201
26,/web/20250202003837/http://www.epa.gov/lep/arabic,epa.gov,20250201
27,/web/20250202003837/http://www.epa.gov/lep/simplified-chinese,epa.gov,20250201
28,/web/20250202003837/http://www.epa.gov/lep/assistance#port,epa.gov,20250201
29,/web/20250202003837/http://www.epa.gov/newsreleases/search,epa.gov,20250201
30,/web/20250202003837/http://www.epa.gov/mold,epa.gov,20250201
31,/web/20250202003837/http://www.epa.gov/lep/traditional-chinese,epa.gov,20250201
32,https://web.archive.org/web/20250202003837/https://www.epa.gov/radon/find-radon-test-kit-or-measurement-and-mitigation-professional,epa.gov,20250201
33,/web/20250202003837/http://www.epa.gov/lep/haitian-creole,epa.gov,20250201
34,/web/20250202003837/http://www.epa.gov/lep/assistance#hc,epa.gov,20250201
35,/web/20250202003837/http://www.epa.gov/aboutepa,epa.gov,20250201
36,/web/20250202003837/http://www.epa.gov/newsreleases/what-they-are-saying-epa-administrator-lee-zeldin-unleash-american-greatness-head-epa,epa.gov,20250201
37,/web/20250202003837/http://www.epa.gov/newsroom,epa.gov,20250201
38,/web/20250202003837/http://www.epa.gov/lep/assistance#viet,epa.gov,20250201
39,/web/20250202003837/http://www.epa.gov/environmental-topics/environmental-information-by-location,epa.gov,20250201
40,/web/20250202003837/http://www.epa.gov/environmental-topics/science-topics,epa.gov,20250201
41,/web/20250202003837/http://www.epa.gov/home/forms/send-request-technical-support,epa.gov,20250201
42,/web/20250202003837/http://www.epa.gov/data,epa.gov,20250201
43,/web/20250202003837/http://www.epa.gov/lead,epa.gov,20250201
44,/web/20250202003837/http://www.epa.gov/research,epa.gov,20250201
45,/web/20250202003837/http://www.epa.gov/web-policies-and-procedures/epa-disclaimers,epa.gov,20250201
46,/web/20250202003837/http://www.epa.gov/laws-regulations/regulations,epa.gov,20250201
47,/web/20250202003837/http://www.epa.gov/careers,epa.gov,20250201
48,/web/20250202003837/http://www.epa.gov/aboutepa/epa-hotlines,epa.gov,20250201
49,/web/20250202003837/http://www.epa.gov/enforcement,epa.gov,20250201
50,/web/20250202003837/http://www.epa.gov/lep/russian,epa.gov,20250201
51,/web/20250202003837/http://www.epa.gov/lep/vietnamese,epa.gov,20250201
52,/web/20250202003837/http://www.epa.gov/lep/assistance#ar,epa.gov,20250201
53,/web/20250202003837/http://www.epa.gov/regulatory-information-sector,epa.gov,20250201
54,/web/20250202001050/https://www.sustainability.gov/resources-eo-efo.html,sustainability.gov,20250201
55,/web/20250202001050/https://www.sustainability.gov/about.html,sustainability.gov,20250201
56,/web/20250202003837/http://www.epa.gov/history,epa.gov,20250201
57,https://web.archive.org/web/20250202003837/https://echo.epa.gov/report-environmental-violations,epa.gov,20250201
58,/web/20250202003837/http://www.epa.gov/lep/assistance#esp,epa.gov,20250201
59,/web/20250202001050/https://www.sustainability.gov/newsroom.html,sustainability.gov,20250201
60,/web/20250202003837/http://www.epa.gov/,epa.gov,20250201
61,/web/20250202001050/https://www.sustainability.gov/progress.html,sustainability.gov,20250201
62,/web/20250202001050/https://www.sustainability.gov/government_data.html,sustainability.gov,20250201
63,/web/20250202003837/http://www.epa.gov/lep/assistance#rus,epa.gov,20250201
64,/web/20250202003837/http://www.epa.gov/compliance,epa.gov,20250201
65,https://www.epa.gov/,epa.gov,20250201
66,/web/20250202003837/http://www.epa.gov/lep/assistance#kor,epa.gov,20250201
67,/web/20250202003837/http://www.epa.gov/environmental-topics,epa.gov,20250201
68,/web/20250202003837/http://www.epa.gov/ground-water-and-drinking-water,epa.gov,20250201
69,/web/20250202003837/http://www.epa.gov/home/frequent-questions-specific-epa-programstopics,epa.gov,20250201
70,/web/20250202003837/http://www.epa.gov/lep/korean,epa.gov,20250201
71,/web/20250202003837/http://www.epa.gov/privacy/privacy-and-security-notice,epa.gov,20250201
72,/web/20250202003837/http://www.epa.gov/newsreleases/epa-recognizes-massachusetts-wastewater-treatment-district-excellence,epa.gov,20250201
73,/web/20250202003837/http://www.epa.gov/environmental-topics/air-topics,epa.gov,20250201
74,/web/20250202003837/http://www.epa.gov/lep/assistance#chi-s,epa.gov,20250201
75,https://www3.epa.gov/,epa.gov,20250201
76,/web/20250202003837/http://www.epa.gov/regulatory-information-topic,epa.gov,20250201
77,/web/20250202003837/http://www.epa.gov/lep/assistance,epa.gov,20250201
78,https://www.sustainability.gov/,sustainability.gov,20250201
79,/web/20250202003837/http://www.epa.gov/newsreleases/epa-announces-use-sepulveda-basin-california-national-guard-personnel-equipment,epa.gov,20250201
80,https://sustainability.gov/,sustainability.gov,20250201
81,/web/20250202003837/http://www.epa.gov/aboutepa/research-centers-programs-and-science-advisory-organizations,epa.gov,20250201
82,/web/20250202003837/http://www.epa.gov/environmental-topics/land-waste-and-cleanup-topics,epa.gov,20250201
83,/web/20250202003837/http://www.epa.gov/newsreleases/epa-recognizes-connecticut-wastewater-treatment-plant-operator-excellence,epa.gov,20250201
84,https://web.archive.org/web/20250202003837/https://cfpub.epa.gov/locator/index.cfm,epa.gov,20250201
85,/web/20250202003837/http://www.epa.gov/report-violation,epa.gov,20250201
86,/web/20250202003837/http://www.epa.gov/environmental-topics/greener-living,epa.gov,20250201
87,/web/20250202003837/http://www.epa.gov/newsroom/email-subscriptions-epa-news-releases,epa.gov,20250201
88,/web/20250202003837/http://www.epa.gov/foia,epa.gov,20250201
89,/web/20250202003837/http://www.epa.gov/alerts,epa.gov,20250201
90,http://epa.gov/,epa.gov,20250201
91,/web/20250202001050/https://www.sustainability.gov/about_cso.html,sustainability.gov,20250201
92,http://www.sustainability.gov/,sustainability.gov,20250201
93,/web/20250202003837/http://www.epa.gov/environmental-topics/chemicals-pesticides-and-toxics-topics,epa.gov,20250201
94,https://web.archive.org/web/20250202003837/https://espanol.epa.gov/,epa.gov,20250201
95,/web/20250202003837/http://www.epa.gov/radon,epa.gov,20250201
96,/web/20250202003837/http://www.epa.gov/laws-regulations,epa.gov,20250201
97,https://web.archive.org/web/20250202003837/https://www.epa.gov/node/276157,epa.gov,20250201
98,/web/20250202003837/http://www.epa.gov/aboutepa/our-mission-and-what-we-do,epa.gov,20250201
99,/web/20250202003837/http://www.epa.gov/environmental-topics/water-topics,epa.gov,20250201
100,/web/20250202003837/http://www.epa.gov/ocr/no-fear-act-data,epa.gov,20250201
101,https://epa.gov/,epa.gov,20250201
102,/web/20250202003837/http://www.epa.gov/lep/assistance#chi-tr,epa.gov,20250201
103,/web/20250202003837/http://www.epa.gov/topics-epa-web,epa.gov,20250201
104,/web/20250202001050/https://www.sustainability.gov/policy.html,sustainability.gov,20250201
0,/web/20250302043434/https://www.epa.gov/lep/assistance,epa.gov,20250301
1,/web/20250228230322/https://www.sustainability.gov/archived-resources.html,sustainability.gov,20250301
2,/web/20250302043434/https://www.epa.gov/lep/russian,epa.gov,20250301
3,/web/20250302043434/https://www.epa.gov/contracts,epa.gov,20250301
4,/web/20250302043434/https://www.epa.gov/aboutepa,epa.gov,20250301
5,/web/20250302043434/https://www.epa.gov/home/forms/contact-epa,epa.gov,20250301
6,/web/20250302043434/https://www.epa.gov/web-policies-and-procedures/epa-disclaimers,epa.gov,20250301
7,/web/20250302043434/https://www.epa.gov/aboutepa/regional-and-geographic-offices,epa.gov,20250301
8,/web/20250302043434/https://www.epa.gov/regulatory-information-topic,epa.gov,20250301
9,/web/20250302043434/https://www.epa.gov/lep/haitian-creole,epa.gov,20250301
10,/web/20250228230322/https://www.sustainability.gov/government_data.html,sustainability.gov,20250301
11,/web/20250302043434/https://www.epa.gov/environmental-topics/air-topics,epa.gov,20250301
12,/web/20250302043434/https://www.epa.gov/grants,epa.gov,20250301
13,/web/20250302043434/https://www.epa.gov/accessibility/epa-accessibility-statement,epa.gov,20250301
14,/web/20250302043434/https://www.epa.gov/environmental-topics,epa.gov,20250301
15,/web/20250302043434/https://www.epa.gov/lead,epa.gov,20250301
16,/web/20250302043434/https://www.epa.gov/lep/vietnamese,epa.gov,20250301
17,/web/20250302043434/https://www.epa.gov/history,epa.gov,20250301
18,/web/20250302043434/https://www.epa.gov/environmental-topics/greener-living,epa.gov,20250301
19,/web/20250302043434/https://www.epa.gov/lep/assistance#port,epa.gov,20250301
20,/web/20250302043434/https://www.epa.gov/lep/assistance#rus,epa.gov,20250301
21,https://web.archive.org/web/20250302043434/https://espanol.epa.gov/,epa.gov,20250301
22,/web/20250302043434/https://www.epa.gov/home/forms/send-request-technical-support,epa.gov,20250301
23,/web/20250302043434/https://www.epa.gov/newsreleases/lee-m-zeldin-sworn-17th-epa-administrator,epa.gov,20250301
24,/web/20250302043434/https://www.epa.gov/lep/portuguese,epa.gov,20250301
25,/web/20250302043434/https://www.epa.gov/data,epa.gov,20250301
26,/web/20250302043434/https://www.epa.gov/lep/assistance#ar,epa.gov,20250301
27,https://www.sustainability.gov/,sustainability.gov,20250301
28,/web/20250302043434/https://www.epa.gov/newsreleases/emma-pokon-appointed-epa-region-10-administrator,epa.gov,20250301
29,/web/20250302043434/https://www.epa.gov/report-violation,epa.gov,20250301
30,/web/20250302043434/https://www.epa.gov/environmental-topics/science-topics,epa.gov,20250301
31,/web/20250302043434/https://www.epa.gov/laws-regulations/regulations,epa.gov,20250301
32,/web/20250302043434/https://www.epa.gov/compliance,epa.gov,20250301
33,/web/20250302043434/https://www.epa.gov/lep/korean,epa.gov,20250301
34,/web/20250228230322/https://www.sustainability.gov/resources-eo-efo.html,sustainability.gov,20250301
35,/web/20250302043434/https://www.epa.gov/laws-regulations/laws-and-executive-orders,epa.gov,20250301
36,/web/20250302043434/https://www.epa.gov/regulatory-information-sector,epa.gov,20250301
37,/web/20250302043434/https://www.epa.gov/emergency-response,epa.gov,20250301
38,/web/20250228230322/https://www.sustainability.gov/about_cso.html,sustainability.gov,20250301
39,/web/20250302043434/https://www.epa.gov/radon,epa.gov,20250301
40,https://web.archive.org/web/20250302043434/https://echo.epa.gov/report-environmental-violations,epa.gov,20250301
41,/web/20250302043434/https://www.epa.gov/home/frequent-questions-specific-epa-programstopics,epa.gov,20250301
42,/web/20250302043434/https://www.epa.gov/lep/assistance#chi-tr,epa.gov,20250301
43,/web/20250302043434/https://www.epa.gov/lep/tagalog,epa.gov,20250301
44,/web/20250302043434/https://www.epa.gov/lep/assistance#hc,epa.gov,20250301
45,/web/20250302043434/https://www.epa.gov/web-policies-and-procedures/plain-writing,epa.gov,20250301
46,http://sustainability.gov/,sustainability.gov,20250301
47,/web/20250302043434/https://www.epa.gov/aboutepa/research-centers-programs-and-science-advisory-organizations,epa.gov,20250301
48,/web/20250302043434/https://www.epa.gov/laws-regulations,epa.gov,20250301
49,/web/20250302043434/https://www.epa.gov/alerts,epa.gov,20250301
50,/web/20250302043434/https://www.epa.gov/lep/arabic,epa.gov,20250301
51,/web/20250302043434/https://www.epa.gov/ground-water-and-drinking-water,epa.gov,20250301
52,https://web.archive.org/web/20250302043434/https://www.epa.gov/newsreleases/icymi-administrator-zeldins-powering-great-american-comeback-unveiled-epa,epa.gov,20250301
53,/web/20250302043434/https://www.epa.gov/lep/assistance#fr,epa.gov,20250301
54,https://www3.epa.gov/,epa.gov,20250301
55,/web/20250302043434/https://www.epa.gov/lep/simplified-chinese,epa.gov,20250301
56,/web/20250302043434/https://www.epa.gov/lep/traditional-chinese,epa.gov,20250301
57,/web/20250302043434/https://www.epa.gov/aboutepa/epa-organization-chart,epa.gov,20250301
58,/web/20250302043434/https://www.epa.gov/foia,epa.gov,20250301
59,/web/20250228230322/https://www.sustainability.gov/progress.html,sustainability.gov,20250301
60,/web/20250228230322/https://www.sustainability.gov/policy.html,sustainability.gov,20250301
61,https://www.epa.gov/,epa.gov,20250301
62,/web/20250302043434/https://www.epa.gov/environmental-topics/water-topics,epa.gov,20250301
63,/web/20250302043434/https://www.epa.gov/privacy/privacy-and-security-notice,epa.gov,20250301
64,/web/20250302043434/https://www.epa.gov/utilities/wwwepagov-snapshots,epa.gov,20250301
65,/web/20250302043434/https://www.epa.gov/lep/assistance#kor,epa.gov,20250301
66,/web/20250302043434/https://www.epa.gov/mold,epa.gov,20250301
67,/web/20250302043434/https://www.epa.gov/bedbugs,epa.gov,20250301
68,/web/20250302043434/https://www.epa.gov/aboutepa#hq,epa.gov,20250301
69,/web/20250302043434/https://www.epa.gov/lep/assistance#viet,epa.gov,20250301
70,/web/20250302043434/https://www.epa.gov/environmental-topics/epa-efforts-reduce-exposure-carcinogens-and-prevent-cancer,epa.gov,20250301
71,/web/20250302043434/https://www.epa.gov/environmental-topics/health-topics,epa.gov,20250301
72,http://recordto:sinclair.kelly@epa.gov/,epa.gov,20250301
73,/web/20250302043434/https://www.epa.gov/research,epa.gov,20250301
74,/web/20250302043434/https://www.epa.gov/environmental-topics/land-waste-and-cleanup-topics,epa.gov,20250301
75,/web/20250302043434/https://www.epa.gov/,epa.gov,20250301
76,/web/20250302043434/https://www.epa.gov/enforcement,epa.gov,20250301
77,/web/20250228230322/https://www.sustainability.gov/resources.html,sustainability.gov,20250301
78,/web/20250302043434/https://www.epa.gov/lep/assistance#tag,epa.gov,20250301
79,http://www.sustainability.gov/,sustainability.gov,20250301
80,https://epa.gov/,epa.gov,20250301
81,/web/20250302043434/https://www.epa.gov/newsreleases/search,epa.gov,20250301
82,/web/20250302043434/https://www.epa.gov/privacy,epa.gov,20250301
83,/web/20250302043434/https://www.epa.gov/newsreleases/epa-administrator-zeldin-celebrates-first-month-trump-administration-accomplishments,epa.gov,20250301
84,/web/20250228230322/https://www.sustainability.gov/newsroom.html,sustainability.gov,20250301
85,/web/20250302043434/https://www.epa.gov/newsroom,epa.gov,20250301
86,/web/20250302043434/https://www.epa.gov/topics-epa-web,epa.gov,20250301
87,/web/20250302043434/https://www.epa.gov/grants/epa-grants-webinars,epa.gov,20250301
88,/web/20250302043434/https://www.epa.gov/lep/assistance#esp,epa.gov,20250301
89,/web/20250302043434/https://www.epa.gov/newsreleases/icymi-administrator-zeldin-record-breaking-response-how-epa-tackled-californias,epa.gov,20250301
90,http://epa.gov/,epa.gov,20250301
91,/web/20250302043434/https://www.epa.gov/aboutepa/our-mission-and-what-we-do,epa.gov,20250301
92,/web/20250302043434/https://www.epa.gov/environmental-topics/chemicals-pesticides-and-toxics-topics,epa.gov,20250301
93,/web/20250302043434/https://www.epa.gov/ocr/no-fear-act-data,epa.gov,20250301
94,/web/20250302043434/https://www.epa.gov/lep/assistance#chi-s,epa.gov,20250301
95,/web/20250302043434/https://www.epa.gov/careers,epa.gov,20250301
96,/web/20250228230322/https://www.sustainability.gov/about.html,sustainability.gov,20250301
97,/web/20250302043434/https://www.epa.gov/newsroom/email-subscriptions-epa-news-releases,epa.gov,20250301
98,/web/20250302043434/https://www.epa.gov/planandbudget,epa.gov,20250301
99,/web/20250302043434/https://www.epa.gov/environmental-topics/environmental-information-by-location,epa.gov,20250301
100,/web/20250302043434/https://www.epa.gov/aboutepa/epa-hotlines,epa.gov,20250301
0,/web/20250401205853/https://www.epa.gov/history,epa.gov,20250401
1,https://www3.epa.gov/,epa.gov,20250401
2,/web/20250401205853/https://www.epa.gov/utilities/wwwepagov-snapshots,epa.gov,20250401
3,/web/20250401205853/https://www.epa.gov/enforcement,epa.gov,20250401
4,/web/20250402000705/https://www.noaa.gov/news/5-ways-noaa-research-is-making-your-life-better-right-now,noaa.gov,20250401
5,/web/20250401205853/https://www.epa.gov/home/forms/send-request-technical-support,epa.gov,20250401
6,/web/20250402000705/https://www.noaa.gov/inflation-reduction-act,noaa.gov,20250401
7,http://www.noaa.gov/,noaa.gov,20250401
8,/web/20250402000705/https://www.noaa.gov/charting,noaa.gov,20250401
9,/web/20250402000705/https://www.noaa.gov/stories/podcast-increasing-food-security-in-hawaii,noaa.gov,20250401
10,/web/20250402000705/https://www.noaa.gov/disclaimer,noaa.gov,20250401
11,https://web.archive.org/web/20250402000705/https://nsd.rdc.noaa.gov/,noaa.gov,20250401
12,/web/20250401205853/https://www.epa.gov/regulatory-information-sector,epa.gov,20250401
13,/web/20250401205853/https://www.epa.gov/newsreleases/epa-announces-appointment-mark-sanborn-regional-administrator-new-england,epa.gov,20250401
14,http://epa.gov/,epa.gov,20250401
15,/web/20250401205853/https://www.epa.gov/web-policies-and-procedures/plain-writing,epa.gov,20250401
16,/web/20250402000705/https://www.noaa.gov/sanctuaries,noaa.gov,20250401
17,/web/20250402000705/https://www.noaa.gov/civil-rights,noaa.gov,20250401
18,/web/20250401205853/https://www.epa.gov/environmental-topics/air-topics,epa.gov,20250401
19,/web/20250401205853/https://www.epa.gov/lep/french,epa.gov,20250401
20,/web/20250401205853/https://www.epa.gov/alerts,epa.gov,20250401
21,/web/20250402000705/https://www.noaa.gov/marine-aviation,noaa.gov,20250401
22,/web/20250401205853/https://www.epa.gov/environmental-topics/land-waste-and-cleanup-topics,epa.gov,20250401
23,https://web.archive.org/web/20250401205853/https://www.epa.gov/newsreleases/icymi-administrator-zeldins-powering-great-american-comeback-unveiled-epa,epa.gov,20250401
24,/web/20250402000705/https://www.noaa.gov/stories/how-noaas-satellites-help-predict-monitor-severe-weather-ext,noaa.gov,20250401
25,http://sustainability.gov/,sustainability.gov,20250401
26,https://www.noaa.gov/,noaa.gov,20250401
27,/web/20250402000705/https://www.noaa.gov/tools-and-resources,noaa.gov,20250401
28,/web/20250401205853/https://www.epa.gov/emergency-response,epa.gov,20250401
29,/web/20250401205853/https://www.epa.gov/research,epa.gov,20250401
30,/web/20250401185816/https://www.sustainability.gov/resources.html,sustainability.gov,20250401
31,/web/20250401205853/https://www.epa.gov/environmental-topics/epa-efforts-reduce-exposure-carcinogens-and-prevent-cancer,epa.gov,20250401
32,/web/20250401205853/https://www.epa.gov/lep/korean,epa.gov,20250401
33,/web/20250401205853/https://www.epa.gov/data,epa.gov,20250401
34,/web/20250401205853/https://www.epa.gov/privacy/privacy-and-security-notice,epa.gov,20250401
35,/web/20250401205853/https://www.epa.gov/topics-epa-web,epa.gov,20250401
36,/web/20250402000705/https://www.noaa.gov/education,noaa.gov,20250401
37,/web/20250402000705/https://www.noaa.gov/news-release/spring-outlook-dry-in-west-milder-than-average-in-south-and-east,noaa.gov,20250401
38,/web/20250402000705/https://www.noaa.gov/,noaa.gov,20250401
39,https://web.archive.org/web/20250401205853/https://echo.epa.gov/report-environmental-violations,epa.gov,20250401
40,https://web.archive.org/web/20250401205853/https://espanol.epa.gov/,epa.gov,20250401
41,/web/20250402000705/https://www.noaa.gov/legislative-and-intergovernmental-affairs/noaa-tribal-resources,noaa.gov,20250401
42,/web/20250401205853/https://www.epa.gov/environmental-topics/environmental-information-by-location,epa.gov,20250401
43,/web/20250402000705/https://www.noaa.gov/organization/information-technology/policy-oversight/information-quality,noaa.gov,20250401
44,/web/20250401205853/https://www.epa.gov/home/frequent-questions-specific-epa-programstopics,epa.gov,20250401
45,/web/20250401185816/https://www.sustainability.gov/about.html,sustainability.gov,20250401
46,/web/20250401205853/https://www.epa.gov/environmental-topics/chemicals-pesticides-and-toxics-topics,epa.gov,20250401
47,/web/20250401205853/https://www.epa.gov/ocr/no-fear-act-data,epa.gov,20250401
48,/web/20250401205853/https://www.epa.gov/lep/tagalog,epa.gov,20250401
49,/web/20250401205853/https://www.epa.gov/lep/traditional-chinese,epa.gov,20250401
50,/web/20250401205853/https://www.epa.gov/privacy,epa.gov,20250401
51,/web/20250401205853/https://www.epa.gov/lep/assistance,epa.gov,20250401
52,/web/20250401205853/https://www.epa.gov/laws-regulations/laws-and-executive-orders,epa.gov,20250401
53,/web/20250401205853/https://www.epa.gov/lead,epa.gov,20250401
54,/web/20250402000705/https://www.noaa.gov/need-help,noaa.gov,20250401
55,/web/20250401205853/https://www.epa.gov/newsroom,epa.gov,20250401
56,/web/20250401205853/https://www.epa.gov/,epa.gov,20250401
57,/web/20250401205853/https://www.epa.gov/laws-regulations,epa.gov,20250401
58,/web/20250401205853/https://www.epa.gov/lep/sante-ak-anviwonman-enfomasyon-kreyol-ayisyen,epa.gov,20250401
59,/web/20250401205853/https://www.epa.gov/regulatory-information-topic,epa.gov,20250401
60,/web/20250401205853/https://www.epa.gov/grants,epa.gov,20250401
61,/web/20250402000705/https://www.noaa.gov/stories/celebrate-earthmonth-and-citizensciencemonth-with-noaa,noaa.gov,20250401
62,http://www.epa.gov/,epa.gov,20250401
63,/web/20250401185816/https://www.sustainability.gov/archived-resources.html,sustainability.gov,20250401
64,/web/20250401205853/https://www.epa.gov/ground-water-and-drinking-water,epa.gov,20250401
65,/web/20250401205853/https://www.epa.gov/planandbudget,epa.gov,20250401
66,https://www.epa.gov/,epa.gov,20250401
67,/web/20250401205853/https://www.epa.gov/foia,epa.gov,20250401
68,/web/20250401185816/https://www.sustainability.gov/resources-eo-efo.html,sustainability.gov,20250401
69,https://www.sustainability.gov/,sustainability.gov,20250401
70,/web/20250401185816/https://www.sustainability.gov/about_cso.html,sustainability.gov,20250401
71,/web/20250401205853/https://www.epa.gov/lep/russian,epa.gov,20250401
72,/web/20250402000705/https://www.noaa.gov/stories/delve-far-below-surface-with-these-creatures-of-deep-ext,noaa.gov,20250401
73,/web/20250402000705/https://www.noaa.gov/organization/information-technology/emergency-information-for-noaa-employees,noaa.gov,20250401
74,/web/20250401205853/https://www.epa.gov/bedbugs,epa.gov,20250401
75,/web/20250401205853/https://www.epa.gov/home/forms/contact-epa,epa.gov,20250401
76,http://noaa.gov/,noaa.gov,20250401
77,https://sean.m.davis@noaa.gov/,noaa.gov,20250401
78,/web/20250401205853/https://www.epa.gov/environmental-topics/greener-living,epa.gov,20250401
79,/web/20250401205853/https://www.epa.gov/aboutepa/epa-organization-chart,epa.gov,20250401
80,/web/20250402000705/https://www.noaa.gov/contact-us,noaa.gov,20250401
81,/web/20250401205853/https://www.epa.gov/grants/epa-grants-webinars,epa.gov,20250401
82,/web/20250402000705/https://www.noaa.gov/protecting-your-privacy,noaa.gov,20250401
83,/web/20250401205853/https://www.epa.gov/compliance,epa.gov,20250401
84,/web/20250401185816/https://www.sustainability.gov/policy.html,sustainability.gov,20250401
85,/web/20250401205853/https://www.epa.gov/contracts,epa.gov,20250401
86,/web/20250401205853/https://www.epa.gov/environmental-topics,epa.gov,20250401
87,/web/20250402000705/https://www.noaa.gov/ocean-coasts,noaa.gov,20250401
88,/web/20250402000705/https://www.noaa.gov/about-our-agency,noaa.gov,20250401
89,/web/20250401205853/https://www.epa.gov/web-policies-and-procedures/epa-disclaimers,epa.gov,20250401
90,/web/20250401205853/https://www.epa.gov/accessibility/epa-accessibility-statement,epa.gov,20250401
91,https://web.archive.org/web/20250402000705/https://sites.google.com/noaa.gov/ohcs/current-event,noaa.gov,20250401
92,/web/20250401205853/https://www.epa.gov/newsreleases/icymi-administrator-zeldin-fox-news-digital-why-were-shutting-down-bidens-epa-museum,epa.gov,20250401
93,/web/20250401205853/https://www.epa.gov/lep/portuguese,epa.gov,20250401
94,/web/20250402000705/https://www.noaa.gov/fisheries,noaa.gov,20250401
95,/web/20250401205853/https://www.epa.gov/newsreleases/trump-epa-announces-18-million-savings-federal-leases,epa.gov,20250401
96,/web/20250401205853/https://www.epa.gov/aboutepa#hq,epa.gov,20250401
97,/web/20250401205853/https://www.epa.gov/aboutepa,epa.gov,20250401
98,/web/20250401205853/https://www.epa.gov/careers,epa.gov,20250401
99,/web/20250401205853/https://www.epa.gov/aboutepa/our-mission-and-what-we-do,epa.gov,20250401
100,/web/20250401205853/https://www.epa.gov/aboutepa/regional-and-geographic-offices,epa.gov,20250401
101,/web/20250402000705/https://www.noaa.gov/news-features,noaa.gov,20250401
102,/web/20250401205853/https://www.epa.gov/aboutepa/epa-hotlines,epa.gov,20250401
103,/web/20250402000705/https://www.noaa.gov/stories/when-could-expect-your-last-spring-freeze-ext,noaa.gov,20250401
104,/web/20250401205853/https://www.epa.gov/radon,epa.gov,20250401
105,/web/20250402000705/https://www.noaa.gov/infrastructure-law,noaa.gov,20250401
106,/web/20250402000705/https://www.noaa.gov/information-technology/foia,noaa.gov,20250401
107,/web/20250402000705/https://www.noaa.gov/satellites,noaa.gov,20250401
108,/web/20250401185816/https://www.sustainability.gov/progress.html,sustainability.gov,20250401
109,/web/20250402000705/https://www.noaa.gov/weather,noaa.gov,20250401
110,/web/20250401205853/https://www.epa.gov/newsreleases/search,epa.gov,20250401
111,/web/20250401205853/https://www.epa.gov/lep/simplified-chinese,epa.gov,20250401
112,/web/20250401185816/https://www.sustainability.gov/newsroom.html,sustainability.gov,20250401
113,/web/20250401185816/https://www.sustainability.gov/government_data.html,sustainability.gov,20250401
114,/web/20250402000705/https://www.noaa.gov/research,noaa.gov,20250401
115,/web/20250402000705/https://www.noaa.gov/stay-connected,noaa.gov,20250401
116,/web/20250401205853/https://www.epa.gov/mold,epa.gov,20250401
117,/web/20250401205853/https://www.epa.gov/environmental-topics/water-topics,epa.gov,20250401
118,/web/20250402000705/https://www.noaa.gov/organization/inclusion-and-civil-rights/no-fear-act,noaa.gov,20250401
119,/web/20250401205853/https://www.epa.gov/lep/arabic,epa.gov,20250401
120,http://curtis.alexander@noaa.gov/,noaa.gov,20250401
121,https://www.epa.gov./,epa.gov,20250401
122,/web/20250401205853/https://www.epa.gov/lep/haitian-creole,epa.gov,20250401
123,/web/20250401205853/https://www.epa.gov/newsroom/email-subscriptions-epa-news-releases,epa.gov,20250401
124,/web/20250402000705/https://www.noaa.gov/climate,noaa.gov,20250401
125,/web/20250401205853/https://www.epa.gov/environmental-topics/health-topics,epa.gov,20250401
126,/web/20250401205853/https://www.epa.gov/report-violation,epa.gov,20250401
127,/web/20250402000705/https://www.noaa.gov/guidance,noaa.gov,20250401
128,/web/20250401205853/https://www.epa.gov/newsreleases/lee-m-zeldin-sworn-17th-epa-administrator,epa.gov,20250401
129,https://epa.gov/,epa.gov,20250401
130,/web/20250401205853/https://www.epa.gov/lep/saude-e-informacoes-ambientais-em-portugues,epa.gov,20250401
131,/web/20250401205853/https://www.epa.gov/environmental-topics/science-topics,epa.gov,20250401
132,http://www.sustainability.gov/,sustainability.gov,20250401
133,/web/20250402000705/https://www.noaa.gov/heritage/stories/friday-find-research-flight-facility-sign-of-times,noaa.gov,20250401
134,http://mailto:ow-docket@epa.gov/,epa.gov,20250401
135,/web/20250402000705/https://www.noaa.gov/budget-finance-performance,noaa.gov,20250401
136,/web/20250401205853/https://www.epa.gov/aboutepa/research-centers-programs-and-science-advisory-organizations,epa.gov,20250401
137,/web/20250401205853/https://www.epa.gov/laws-regulations/regulations,epa.gov,20250401
138,/web/20250401205853/https://www.epa.gov/lep/vietnamese,epa.gov,20250401
139,http://www3.epa.gov/,epa.gov,20250401
140,/web/20250402000705/https://www.noaa.gov/accessibility,noaa.gov,20250401
